property_name,successful_bookings,capacity,occupancy_rate (%)
Atliq Blu,21795,35144,62.016275893466876
Atliq Palace,23625,39376,59.99847622917513
Atliq City,23323,39192,59.50959379465197
Atliq Bay,21389,36616,58.414354380598645
Atliq Exotica,23441,40940,57.25696140693698
Atliq Grands,17035,32384,52.60313735177866
Atliq Seasons,3982,8924,44.621246077991934
